presentation_index,presentation_label,r1,r2,start_total_length,auto_dual_best_total_length,triple_best_total_length,auto_dual_best_length_source,triple_best_length_source,auto_dual_length_reduction,triple_length_reduction,auto_dual_reduced,triple_reduced,paired_outcome,reduction_coverage_group,auto_dual_solved,triple_solved,auto_dual_termination_reason,triple_termination_reason,auto_dual_total_nodes,triple_total_nodes,triple_substitution_pop_count,triple_automorphism_pop_count,triple_non_auto_cov_pop_count,triple_non_auto_cov_pop_source,triple_substitution_pop_fraction,triple_automorphism_pop_fraction,triple_non_auto_cov_pop_fraction,auto_dual_frontier_prune_count,triple_frontier_prune_count,auto_dual_frontier_states_pruned,triple_frontier_states_pruned
0,13_1,YXyXYx,YYYXXXX,13,13,13,final_total_length,final_total_length,0,0,0,0,Tie,Neither reduced,0,0,node_budget_exhausted,node_budget_exhausted,1000000,1000000,932852,57454,9694,total_nodes_used - sub_pop_count - cov_pop_count,0.932852,0.057454,0.009694,27,20,67501218,50000688
1,15_1,YYXyXyx,YYxxxxyX,15,15,15,final_total_length,final_total_length,0,0,0,0,Tie,Neither reduced,0,0,node_budget_exhausted,node_budget_exhausted,1000000,1000000,939544,54523,5933,total_nodes_used - sub_pop_count - cov_pop_count,0.939544,0.054523,0.005933,27,21,67501074,52500724
2,16_1,YYXyXyx,YYxxxxxyX,16,16,16,final_total_length,final_total_length,0,0,0,0,Tie,Neither reduced,0,0,node_budget_exhausted,node_budget_exhausted,1000000,1000000,909257,84843,5900,total_nodes_used - sub_pop_count - cov_pop_count,0.909257,0.084843,0.0059,29,22,72500926,55000667
3,17_1,YXYXyxx,YYYYYxyXyX,17,17,17,final_total_length,final_total_length,0,0,0,0,Tie,Neither reduced,0,0,node_budget_exhausted,node_budget_exhausted,1000000,1000000,918430,77556,4014,total_nodes_used - sub_pop_count - cov_pop_count,0.91843,0.077556,0.004014,32,25,80001405,62501135
4,14_1,YYYXyyx,YXXYxxx,14,14,14,final_total_length,final_total_length,0,0,0,0,Tie,Neither reduced,0,0,node_budget_exhausted,node_budget_exhausted,1000000,1000000,827169,144711,28120,total_nodes_used - sub_pop_count - cov_pop_count,0.827169,0.144711,0.02812,30,20,75001395,50000573
5,14_2,YYYxyyX,YXXyxxx,14,14,14,final_total_length,final_total_length,0,0,0,0,Tie,Neither reduced,0,0,node_budget_exhausted,node_budget_exhausted,1000000,1000000,926783,64191,9026,total_nodes_used - sub_pop_count - cov_pop_count,0.926783,0.064191,0.009026,28,21,70001394,52500679
6,15_2,YXXXyxx,YYYXXyyX,15,15,15,final_total_length,final_total_length,0,0,0,0,Tie,Neither reduced,0,0,node_budget_exhausted,node_budget_exhausted,1000000,1000000,862850,113356,23794,total_nodes_used - sub_pop_count - cov_pop_count,0.86285,0.113356,0.023794,34,25,85001566,62501089
7,15_3,YYYXyyx,YXXYxxYx,15,15,15,final_total_length,final_total_length,0,0,0,0,Tie,Neither reduced,0,0,node_budget_exhausted,node_budget_exhausted,1000000,1000000,875292,101224,23484,total_nodes_used - sub_pop_count - cov_pop_count,0.875292,0.101224,0.023484,34,26,85001322,65001015
8,15_4,YYYXyyx,YXyXyxxx,15,15,15,final_total_length,final_total_length,0,0,0,0,Tie,Neither reduced,0,0,node_budget_exhausted,node_budget_exhausted,1000000,1000000,870500,109302,20198,total_nodes_used - sub_pop_count - cov_pop_count,0.8705,0.109302,0.020198,35,24,87501509,60000852
9,15_5,YYYXyyx,YXyXXyxx,15,15,15,final_total_length,final_total_length,0,0,0,0,Tie,Neither reduced,0,0,node_budget_exhausted,node_budget_exhausted,1000000,1000000,841153,139779,19068,total_nodes_used - sub_pop_count - cov_pop_count,0.841153,0.139779,0.019068,29,21,72501375,52500632
10,16_2,YYYXyyX,YXXXXyxxx,16,16,15,final_total_length,final_total_length,0,1,0,1,Triple better,Triple only,0,0,node_budget_exhausted,node_budget_exhausted,1000000,1000000,889509,99623,10868,total_nodes_used - sub_pop_count - cov_pop_count,0.889509,0.099623,0.010868,37,25,92501940,62500862
11,16_3,YYYXyyx,YXXXXyxxx,16,16,15,final_total_length,final_total_length,0,1,0,1,Triple better,Triple only,0,0,node_budget_exhausted,node_budget_exhausted,1000000,1000000,896341,97763,5896,total_nodes_used - sub_pop_count - cov_pop_count,0.896341,0.097763,0.005896,36,22,90002039,55000751
12,17_2,YYXXYxxx,YYYXYxYxx,17,17,17,final_total_length,final_total_length,0,0,0,0,Tie,Neither reduced,0,0,node_budget_exhausted,node_budget_exhausted,1000000,1000000,871342,98587,30071,total_nodes_used - sub_pop_count - cov_pop_count,0.871342,0.098587,0.030071,40,32,100001926,80001692
13,17_3,YXXYxxYx,YYYYXyyyx,17,17,17,final_total_length,final_total_length,0,0,0,0,Tie,Neither reduced,0,0,node_budget_exhausted,node_budget_exhausted,1000000,1000000,813289,172819,13892,total_nodes_used - sub_pop_count - cov_pop_count,0.813289,0.172819,0.013892,33,29,82501798,72501518
14,17_4,YXXYxYxx,YYYYXyyyx,17,17,17,final_total_length,final_total_length,0,0,0,0,Tie,Neither reduced,0,0,node_budget_exhausted,node_budget_exhausted,1000000,1000000,810808,180451,8741,total_nodes_used - sub_pop_count - cov_pop_count,0.810808,0.180451,0.008741,32,29,80001521,72501499
15,17_5,YYxxyXXX,YYYYXyyyx,17,17,17,final_total_length,final_total_length,0,0,0,0,Tie,Neither reduced,0,0,node_budget_exhausted,node_budget_exhausted,1000000,1000000,898092,89796,12112,total_nodes_used - sub_pop_count - cov_pop_count,0.898092,0.089796,0.012112,30,26,75001562,65001039
16,17_6,YXXYxxyx,YYYYXyyyx,17,17,17,final_total_length,final_total_length,0,0,0,0,Tie,Neither reduced,0,0,node_budget_exhausted,node_budget_exhausted,1000000,1000000,927201,66483,6316,total_nodes_used - sub_pop_count - cov_pop_count,0.927201,0.066483,0.006316,29,24,72501201,60000928
17,17_7,YXyXXyxx,YYYYXyyyx,17,17,17,final_total_length,final_total_length,0,0,0,0,Tie,Neither reduced,0,0,node_budget_exhausted,node_budget_exhausted,1000000,1000000,927208,68428,4364,total_nodes_used - sub_pop_count - cov_pop_count,0.927208,0.068428,0.004364,29,24,72501245,60001051
18,17_8,YXXyXyxx,YYYYXyyyx,17,17,17,final_total_length,final_total_length,0,0,0,0,Tie,Neither reduced,0,0,node_budget_exhausted,node_budget_exhausted,1000000,1000000,919042,70002,10956,total_nodes_used - sub_pop_count - cov_pop_count,0.919042,0.070002,0.010956,27,30,67501149,75001488
19,17_9,YXyxxYXX,YYYYXyyyx,17,17,17,final_total_length,final_total_length,0,0,0,0,Tie,Neither reduced,0,0,node_budget_exhausted,node_budget_exhausted,1000000,1000000,897866,93287,8847,total_nodes_used - sub_pop_count - cov_pop_count,0.897866,0.093287,0.008847,30,26,75001415,65001021
20,17_10,YXYXXyxx,YYYYXyyyx,17,17,17,final_total_length,final_total_length,0,0,0,0,Tie,Neither reduced,0,0,node_budget_exhausted,node_budget_exhausted,1000000,1000000,854259,132911,12830,total_nodes_used - sub_pop_count - cov_pop_count,0.854259,0.132911,0.01283,30,27,75001404,67501148
21,17_11,YYXXXyxx,YXyxxyXYx,17,17,17,final_total_length,final_total_length,0,0,0,0,Tie,Neither reduced,0,0,node_budget_exhausted,node_budget_exhausted,1000000,1000000,778010,182686,39304,total_nodes_used - sub_pop_count - cov_pop_count,0.77801,0.182686,0.039304,40,31,100002544,77501642
22,17_12,YXYXYxxx,YYYYXyyyx,17,17,17,final_total_length,final_total_length,0,0,0,0,Tie,Neither reduced,0,0,node_budget_exhausted,node_budget_exhausted,1000000,1000000,875100,115941,8959,total_nodes_used - sub_pop_count - cov_pop_count,0.8751,0.115941,0.008959,32,30,80001466,75001798
23,17_13,YXYxxxyX,YYYYXyyyx,17,17,17,final_total_length,final_total_length,0,0,0,0,Tie,Neither reduced,0,0,node_budget_exhausted,node_budget_exhausted,1000000,1000000,893870,95854,10276,total_nodes_used - sub_pop_count - cov_pop_count,0.89387,0.095854,0.010276,32,31,80001396,77501683
24,17_14,YXyXYxxx,YYYYXyyyx,17,17,17,final_total_length,final_total_length,0,0,0,0,Tie,Neither reduced,0,0,node_budget_exhausted,node_budget_exhausted,1000000,1000000,858855,127840,13305,total_nodes_used - sub_pop_count - cov_pop_count,0.858855,0.12784,0.013305,32,26,80001590,65001228
25,17_15,YXXXyxYx,YYYYXyyyx,17,17,17,final_total_length,final_total_length,0,0,0,0,Tie,Neither reduced,0,0,node_budget_exhausted,node_budget_exhausted,1000000,1000000,879890,106552,13558,total_nodes_used - sub_pop_count - cov_pop_count,0.87989,0.106552,0.013558,32,32,80001397,80001808
26,15_10,YXyxxyX,YYXyyxYx,15,15,15,final_total_length,final_total_length,0,0,0,0,Tie,Neither reduced,0,0,node_budget_exhausted,node_budget_exhausted,1000000,1000000,909687,81860,8453,total_nodes_used - sub_pop_count - cov_pop_count,0.909687,0.08186,0.008453,27,20,67501150,50000601
27,18_1,YXXYxxx,YYYYYXyyyyx,18,18,16,final_total_length,final_total_length,0,2,0,1,Triple better,Triple only,0,0,node_budget_exhausted,node_budget_exhausted,1000000,1000000,859833,134443,5724,total_nodes_used - sub_pop_count - cov_pop_count,0.859833,0.134443,0.005724,23,25,57500847,62500853
28,18_2,YXXXyxx,YYYYYXyyyyx,18,18,18,final_total_length,final_total_length,0,0,0,0,Tie,Neither reduced,0,0,node_budget_exhausted,node_budget_exhausted,1000000,1000000,940093,59427,480,total_nodes_used - sub_pop_count - cov_pop_count,0.940093,0.059427,0.00048,30,25,75001280,62500892
29,19_1,YYXXYxxx,YYYYYXyyyyx,19,19,19,final_total_length,final_total_length,0,0,0,0,Tie,Neither reduced,0,0,node_budget_exhausted,node_budget_exhausted,1000000,1000000,804635,173690,21675,total_nodes_used - sub_pop_count - cov_pop_count,0.804635,0.17369,0.021675,27,20,67501122,50000987
30,19_2,YXyxxxYXX,YYYYXXXyxx,19,19,19,final_total_length,final_total_length,0,0,0,0,Tie,Neither reduced,0,0,node_budget_exhausted,node_budget_exhausted,1000000,1000000,880401,108951,10648,total_nodes_used - sub_pop_count - cov_pop_count,0.880401,0.108951,0.010648,24,21,60001078,52501037
31,19_3,YXXYxYxx,YYYYYXyyyyx,19,19,19,final_total_length,final_total_length,0,0,0,0,Tie,Neither reduced,0,0,node_budget_exhausted,node_budget_exhausted,1000000,1000000,821581,172119,6300,total_nodes_used - sub_pop_count - cov_pop_count,0.821581,0.172119,0.0063,25,20,62500734,50000624
32,19_4,YXyxxyXX,YYYYYXyyyyx,19,19,19,final_total_length,final_total_length,0,0,0,0,Tie,Neither reduced,0,0,node_budget_exhausted,node_budget_exhausted,1000000,1000000,903529,89427,7044,total_nodes_used - sub_pop_count - cov_pop_count,0.903529,0.089427,0.007044,21,19,52500824,47500571
33,19_5,YXXYxxyx,YYYYYXyyyyx,19,19,19,final_total_length,final_total_length,0,0,0,0,Tie,Neither reduced,0,0,node_budget_exhausted,node_budget_exhausted,1000000,1000000,907209,85915,6876,total_nodes_used - sub_pop_count - cov_pop_count,0.907209,0.085915,0.006876,20,18,50000758,45000714
34,19_6,YXyXXyxx,YYYYYXyyyyx,19,19,19,final_total_length,final_total_length,0,0,0,0,Tie,Neither reduced,0,0,node_budget_exhausted,node_budget_exhausted,1000000,1000000,912867,82949,4184,total_nodes_used - sub_pop_count - cov_pop_count,0.912867,0.082949,0.004184,20,17,50000572,42500447
35,19_7,YXXyXyxx,YYYYYXyyyyx,19,19,19,final_total_length,final_total_length,0,0,0,0,Tie,Neither reduced,0,0,node_budget_exhausted,node_budget_exhausted,1000000,1000000,917695,80372,1933,total_nodes_used - sub_pop_count - cov_pop_count,0.917695,0.080372,0.001933,21,18,52500691,45000617
36,19_8,YXyxxYXX,YYYYYXyyyyx,19,19,19,final_total_length,final_total_length,0,0,0,0,Tie,Neither reduced,0,0,node_budget_exhausted,node_budget_exhausted,1000000,1000000,907016,88156,4828,total_nodes_used - sub_pop_count - cov_pop_count,0.907016,0.088156,0.004828,21,18,52500650,45000579
37,19_9,YXYXXyxx,YYYYYXyyyyx,19,19,19,final_total_length,final_total_length,0,0,0,0,Tie,Neither reduced,0,0,node_budget_exhausted,node_budget_exhausted,1000000,1000000,868611,120300,11089,total_nodes_used - sub_pop_count - cov_pop_count,0.868611,0.1203,0.011089,22,19,55000907,47500428
38,19_10,YYXXXyxx,YYYYYXyyyyx,19,19,19,final_total_length,final_total_length,0,0,0,0,Tie,Neither reduced,0,0,node_budget_exhausted,node_budget_exhausted,1000000,1000000,910543,84125,5332,total_nodes_used - sub_pop_count - cov_pop_count,0.910543,0.084125,0.005332,27,23,67501198,57500803
39,19_11,YXYXYxxx,YYYYYXyyyyx,19,19,19,final_total_length,final_total_length,0,0,0,0,Tie,Neither reduced,0,0,node_budget_exhausted,node_budget_exhausted,1000000,1000000,829059,167399,3542,total_nodes_used - sub_pop_count - cov_pop_count,0.829059,0.167399,0.003542,26,21,65000922,52500627
40,19_12,YXYxxxyX,YYYYYXyyyyx,19,19,19,final_total_length,final_total_length,0,0,0,0,Tie,Neither reduced,0,0,node_budget_exhausted,node_budget_exhausted,1000000,1000000,858748,131876,9376,total_nodes_used - sub_pop_count - cov_pop_count,0.858748,0.131876,0.009376,27,22,67500951,55000894
41,19_13,YXyXYxxx,YYYYYXyyyyx,19,19,19,final_total_length,final_total_length,0,0,0,0,Tie,Neither reduced,0,0,node_budget_exhausted,node_budget_exhausted,1000000,1000000,826053,164979,8968,total_nodes_used - sub_pop_count - cov_pop_count,0.826053,0.164979,0.008968,26,20,65000842,50000616
42,19_14,YXXXyxYx,YYYYYXyyyyx,19,19,19,final_total_length,final_total_length,0,0,0,0,Tie,Neither reduced,0,0,node_budget_exhausted,node_budget_exhausted,1000000,1000000,851156,138479,10365,total_nodes_used - sub_pop_count - cov_pop_count,0.851156,0.138479,0.010365,28,22,70000937,55000781
43,19_15,YYxxxYXX,YXYxxyXyXYx,19,19,18,final_total_length,final_total_length,0,1,0,1,Triple better,Triple only,0,0,node_budget_exhausted,node_budget_exhausted,1000000,1000000,875113,113749,11138,total_nodes_used - sub_pop_count - cov_pop_count,0.875113,0.113749,0.011138,30,25,75001262,62501042
44,19_16,YYxxxyXX,YYYYYxxyxyX,19,19,18,final_total_length,final_total_length,0,1,0,1,Triple better,Triple only,0,0,node_budget_exhausted,node_budget_exhausted,1000000,1000000,790739,181141,28120,total_nodes_used - sub_pop_count - cov_pop_count,0.790739,0.181141,0.02812,30,21,75001288,52500812
45,17_30,YYYxyXX,YYxxyXyXYX,17,17,17,final_total_length,final_total_length,0,0,0,0,Tie,Neither reduced,0,0,node_budget_exhausted,node_budget_exhausted,1000000,1000000,828596,159667,11737,total_nodes_used - sub_pop_count - cov_pop_count,0.828596,0.159667,0.011737,32,24,80001500,60000884
46,17_31,YYxxyX,YYYYYXyxxyx,17,17,17,final_total_length,final_total_length,0,0,0,0,Tie,Neither reduced,0,0,node_budget_exhausted,node_budget_exhausted,1000000,1000000,915593,75734,8673,total_nodes_used - sub_pop_count - cov_pop_count,0.915593,0.075734,0.008673,33,25,82501473,62500631
47,20_1,YYYxyyx,YXXXXXyxxxxxx,20,20,20,final_total_length,final_total_length,0,0,0,0,Tie,Neither reduced,0,0,node_budget_exhausted,node_budget_exhausted,1000000,1000000,899262,100390,348,total_nodes_used - sub_pop_count - cov_pop_count,0.899262,0.10039,0.000348,20,15,50000577,37500376
48,20_2,YXXyxxx,YYYYYYxyyyyyX,20,20,20,final_total_length,final_total_length,0,0,0,0,Tie,Neither reduced,0,0,node_budget_exhausted,node_budget_exhausted,1000000,1000000,884514,115190,296,total_nodes_used - sub_pop_count - cov_pop_count,0.884514,0.11519,0.000296,22,17,55000738,42500660
49,16_4,YYXXyXX,YYYxyyXyX,16,16,16,final_total_length,final_total_length,0,0,0,0,Tie,Neither reduced,0,0,node_budget_exhausted,node_budget_exhausted,1000000,1000000,887327,97720,14953,total_nodes_used - sub_pop_count - cov_pop_count,0.887327,0.09772,0.014953,31,22,77501347,55000680
50,21_2,YYXXYxxx,YYYYYYXyyyyyx,21,20,18,final_total_length,final_total_length,1,3,1,1,Triple better,Both reduced,0,0,node_budget_exhausted,node_budget_exhausted,1000000,1000000,842404,151125,6471,total_nodes_used - sub_pop_count - cov_pop_count,0.842404,0.151125,0.006471,26,21,65000803,52500626
51,20_4,YXyxxxYXX,YYYYYXXXyxx,20,20,20,final_total_length,final_total_length,0,0,0,0,Tie,Neither reduced,0,0,node_budget_exhausted,node_budget_exhausted,1000000,1000000,894044,101420,4536,total_nodes_used - sub_pop_count - cov_pop_count,0.894044,0.10142,0.004536,23,19,57500956,47500794
52,21_3,YXXYxYxx,YYYYYYXyyyyyx,21,21,21,final_total_length,final_total_length,0,0,0,0,Tie,Neither reduced,0,0,node_budget_exhausted,node_budget_exhausted,1000000,1000000,830754,162056,7190,total_nodes_used - sub_pop_count - cov_pop_count,0.830754,0.162056,0.00719,24,18,60000833,45000580
53,21_4,YXyxxyXX,YYYYYYXyyyyyx,21,21,21,final_total_length,final_total_length,0,0,0,0,Tie,Neither reduced,0,0,node_budget_exhausted,node_budget_exhausted,1000000,1000000,888884,102114,9002,total_nodes_used - sub_pop_count - cov_pop_count,0.888884,0.102114,0.009002,19,15,47500554,37500367
54,21_5,YXXYxxyx,YYYYYYXyyyyyx,21,21,21,final_total_length,final_total_length,0,0,0,0,Tie,Neither reduced,0,0,node_budget_exhausted,node_budget_exhausted,1000000,1000000,865060,127370,7570,total_nodes_used - sub_pop_count - cov_pop_count,0.86506,0.12737,0.00757,19,15,47500434,37500513
55,21_6,YXyXXyxx,YYYYYYXyyyyyx,21,21,21,final_total_length,final_total_length,0,0,0,0,Tie,Neither reduced,0,0,node_budget_exhausted,node_budget_exhausted,1000000,1000000,866268,127660,6072,total_nodes_used - sub_pop_count - cov_pop_count,0.866268,0.12766,0.006072,18,14,45000530,35000351
56,21_7,YXyXXYxxx,YYYYYYxxxyXX,21,21,21,final_total_length,final_total_length,0,0,0,0,Tie,Neither reduced,0,0,node_budget_exhausted,node_budget_exhausted,1000000,1000000,933852,64285,1863,total_nodes_used - sub_pop_count - cov_pop_count,0.933852,0.064285,0.001863,23,19,57500707,47500413
57,21_8,YXyxxYXX,YYYYYYXyyyyyx,21,21,21,final_total_length,final_total_length,0,0,0,0,Tie,Neither reduced,0,0,node_budget_exhausted,node_budget_exhausted,1000000,1000000,856217,135879,7904,total_nodes_used - sub_pop_count - cov_pop_count,0.856217,0.135879,0.007904,19,14,47500437,35000334
58,20_5,YXyxxxyXX,YYYYYXXYxxx,20,20,20,final_total_length,final_total_length,0,0,0,0,Tie,Neither reduced,0,0,node_budget_exhausted,node_budget_exhausted,1000000,1000000,898072,95960,5968,total_nodes_used - sub_pop_count - cov_pop_count,0.898072,0.09596,0.005968,23,18,57500878,45000614
59,21_9,YYXXXyxx,YYYXXYxyXyXyx,21,20,20,final_total_length,final_total_length,1,1,1,1,Tie,Both reduced,0,0,node_budget_exhausted,node_budget_exhausted,1000000,1000000,892622,104974,2404,total_nodes_used - sub_pop_count - cov_pop_count,0.892622,0.104974,0.002404,26,20,65001128,50000657
60,21_10,YXYXYxxx,YYYYYYXyyyyyx,21,21,21,final_total_length,final_total_length,0,0,0,0,Tie,Neither reduced,0,0,node_budget_exhausted,node_budget_exhausted,1000000,1000000,884982,114968,50,total_nodes_used - sub_pop_count - cov_pop_count,0.884982,0.114968,5e-05,28,22,70000986,55000657
61,21_11,YXYxxxyX,YYYYYYXyyyyyx,21,21,21,final_total_length,final_total_length,0,0,0,0,Tie,Neither reduced,0,0,node_budget_exhausted,node_budget_exhausted,1000000,1000000,917882,81844,274,total_nodes_used - sub_pop_count - cov_pop_count,0.917882,0.081844,0.000274,26,21,65000927,52500658
62,21_12,YXyXYxxx,YYYYYYXyyyyyx,21,21,21,final_total_length,final_total_length,0,0,0,0,Tie,Neither reduced,0,0,node_budget_exhausted,node_budget_exhausted,1000000,1000000,903267,96044,689,total_nodes_used - sub_pop_count - cov_pop_count,0.903267,0.096044,0.000689,26,21,65001008,52500654
63,21_13,YXXXyxYx,YYYYYYXyyyyyx,21,21,21,final_total_length,final_total_length,0,0,0,0,Tie,Neither reduced,0,0,node_budget_exhausted,node_budget_exhausted,1000000,1000000,913818,85450,732,total_nodes_used - sub_pop_count - cov_pop_count,0.913818,0.08545,0.000732,26,21,65001200,52500788
64,21_14,YYxxxYXX,YYYYYYXyyyyyx,21,21,21,final_total_length,final_total_length,0,0,0,0,Tie,Neither reduced,0,0,node_budget_exhausted,node_budget_exhausted,1000000,1000000,931481,66647,1872,total_nodes_used - sub_pop_count - cov_pop_count,0.931481,0.066647,0.001872,25,19,62501017,47500589
65,21_15,YYxxxyXX,YYYYYYXyyyyyx,21,21,21,final_total_length,final_total_length,0,0,0,0,Tie,Neither reduced,0,0,node_budget_exhausted,node_budget_exhausted,1000000,1000000,933091,66489,420,total_nodes_used - sub_pop_count - cov_pop_count,0.933091,0.066489,0.00042,25,19,62500810,47500505
66,17_34,YYXXyxx,YYYYYXyXyx,17,17,17,final_total_length,final_total_length,0,0,0,0,Tie,Neither reduced,0,0,node_budget_exhausted,node_budget_exhausted,1000000,1000000,856582,134859,8559,total_nodes_used - sub_pop_count - cov_pop_count,0.856582,0.134859,0.008559,32,25,80001553,62501085
67,19_33,YYXXyx,YYYXYxyxyXXyX,19,18,18,final_total_length,final_total_length,1,1,1,1,Tie,Both reduced,0,0,node_budget_exhausted,node_budget_exhausted,1000000,1000000,843387,148041,8572,total_nodes_used - sub_pop_count - cov_pop_count,0.843387,0.148041,0.008572,30,24,75001342,60000789
68,16_6,YYxyxYX,YXyXXyxxx,16,16,16,final_total_length,final_total_length,0,0,0,0,Tie,Neither reduced,0,0,node_budget_exhausted,node_budget_exhausted,1000000,1000000,842087,148821,9092,total_nodes_used - sub_pop_count - cov_pop_count,0.842087,0.148821,0.009092,35,25,87501741,62501295
69,16_7,YYxYxyX,YXXXyxxYx,16,15,15,final_total_length,final_total_length,1,1,1,1,Tie,Both reduced,0,0,node_budget_exhausted,node_budget_exhausted,1000000,1000000,906994,81812,11194,total_nodes_used - sub_pop_count - cov_pop_count,0.906994,0.081812,0.011194,34,25,85001413,62501044
70,22_1,YXXYxxx,YYYYYYYXyyyyyyx,22,22,22,final_total_length,final_total_length,0,0,0,0,Tie,Neither reduced,0,0,node_budget_exhausted,node_budget_exhausted,1000000,1000000,879305,120687,8,total_nodes_used - sub_pop_count - cov_pop_count,0.879305,0.120687,8e-06,20,15,50000498,37500429
71,22_2,YYYxyyX,YXXXXXXXyxxxxxx,22,22,22,final_total_length,final_total_length,0,0,0,0,Tie,Neither reduced,0,0,node_budget_exhausted,node_budget_exhausted,1000000,1000000,944934,54902,164,total_nodes_used - sub_pop_count - cov_pop_count,0.944934,0.054902,0.000164,21,18,52500555,45000659
72,17_37,YXyXXYxx,YYYYXyXyx,17,17,17,final_total_length,final_total_length,0,0,0,0,Tie,Neither reduced,0,0,node_budget_exhausted,node_budget_exhausted,1000000,1000000,872304,111654,16042,total_nodes_used - sub_pop_count - cov_pop_count,0.872304,0.111654,0.016042,33,26,82501741,65000946
73,17_38,YYYXXyx,YYXYxyxyXX,17,17,17,final_total_length,final_total_length,0,0,0,0,Tie,Neither reduced,0,0,node_budget_exhausted,node_budget_exhausted,1000000,1000000,809506,159927,30567,total_nodes_used - sub_pop_count - cov_pop_count,0.809506,0.159927,0.030567,32,28,80001433,70001264
74,19_35,YYYYXXyyx,YYYYYxyyXX,19,19,19,final_total_length,final_total_length,0,0,0,0,Tie,Neither reduced,0,0,node_budget_exhausted,node_budget_exhausted,1000000,1000000,892671,99137,8192,total_nodes_used - sub_pop_count - cov_pop_count,0.892671,0.099137,0.008192,26,23,65000964,57500615
75,23_1,YYXXYxxx,YYYYYYYXyyyyyyx,23,23,23,final_total_length,final_total_length,0,0,0,0,Tie,Neither reduced,0,0,node_budget_exhausted,node_budget_exhausted,1000000,1000000,881942,116794,1264,total_nodes_used - sub_pop_count - cov_pop_count,0.881942,0.116794,0.001264,24,19,60000856,47500623
76,21_30,YXyxxxYXX,YYYYYYXXXyxx,21,21,21,final_total_length,final_total_length,0,0,0,0,Tie,Neither reduced,0,0,node_budget_exhausted,node_budget_exhausted,1000000,1000000,877970,116958,5072,total_nodes_used - sub_pop_count - cov_pop_count,0.87797,0.116958,0.005072,25,20,62500892,50000476
77,22_5,YXXYxxxyX,YYYYYYYxxxYXX,22,22,22,final_total_length,final_total_length,0,0,0,0,Tie,Neither reduced,0,0,node_budget_exhausted,node_budget_exhausted,1000000,1000000,844240,154754,1006,total_nodes_used - sub_pop_count - cov_pop_count,0.84424,0.154754,0.001006,25,19,62500902,47500470
78,22_6,YYYYYxxyXXX,YYXyxxyxYXX,22,22,22,final_total_length,final_total_length,0,0,0,0,Tie,Neither reduced,0,0,node_budget_exhausted,node_budget_exhausted,1000000,1000000,965034,32990,1976,total_nodes_used - sub_pop_count - cov_pop_count,0.965034,0.03299,0.001976,19,15,47500538,37500302
79,23_2,YXXYxxyx,YYYYYYYXyyyyyyx,23,23,23,final_total_length,final_total_length,0,0,0,0,Tie,Neither reduced,0,0,node_budget_exhausted,node_budget_exhausted,1000000,1000000,966941,31264,1795,total_nodes_used - sub_pop_count - cov_pop_count,0.966941,0.031264,0.001795,18,15,45000369,37500333
80,23_3,YXyXXyxx,YYYYYYYXyyyyyyx,23,23,23,final_total_length,final_total_length,0,0,0,0,Tie,Neither reduced,0,0,node_budget_exhausted,node_budget_exhausted,1000000,1000000,966404,32089,1507,total_nodes_used - sub_pop_count - cov_pop_count,0.966404,0.032089,0.001507,18,14,45000619,35000288
81,22_7,YXyXXYxxx,YYYYYYYxxxyXX,22,22,22,final_total_length,final_total_length,0,0,0,0,Tie,Neither reduced,0,0,node_budget_exhausted,node_budget_exhausted,1000000,1000000,919494,79869,637,total_nodes_used - sub_pop_count - cov_pop_count,0.919494,0.079869,0.000637,25,21,62500736,52500517
82,22_8,YYYYYxxYXXX,YYXyxxYxyXX,22,22,22,final_total_length,final_total_length,0,0,0,0,Tie,Neither reduced,0,0,node_budget_exhausted,node_budget_exhausted,1000000,1000000,965626,32734,1640,total_nodes_used - sub_pop_count - cov_pop_count,0.965626,0.032734,0.00164,19,14,47500546,35000280
83,21_31,YXyxxxyXX,YYYYYYXXYxxx,21,21,21,final_total_length,final_total_length,0,0,0,0,Tie,Neither reduced,0,0,node_budget_exhausted,node_budget_exhausted,1000000,1000000,892038,103663,4299,total_nodes_used - sub_pop_count - cov_pop_count,0.892038,0.103663,0.004299,25,20,62500722,50000544
84,23_4,YYXXXyxx,YYYYYYYXyyyyyyx,23,23,23,final_total_length,final_total_length,0,0,0,0,Tie,Neither reduced,0,0,node_budget_exhausted,node_budget_exhausted,1000000,1000000,883290,116374,336,total_nodes_used - sub_pop_count - cov_pop_count,0.88329,0.116374,0.000336,24,19,60000871,47500614
85,23_5,YXYXYxxx,YYYYYYYXyyyyyyx,23,23,23,final_total_length,final_total_length,0,0,0,0,Tie,Neither reduced,0,0,node_budget_exhausted,node_budget_exhausted,1000000,1000000,830084,169908,8,total_nodes_used - sub_pop_count - cov_pop_count,0.830084,0.169908,8e-06,29,22,72501073,55000945
86,23_6,YXYxxxyX,YYYYYYYXyyyyyyx,23,23,23,final_total_length,final_total_length,0,0,0,0,Tie,Neither reduced,0,0,node_budget_exhausted,node_budget_exhausted,1000000,1000000,919599,80249,152,total_nodes_used - sub_pop_count - cov_pop_count,0.919599,0.080249,0.000152,26,21,65000812,52500829
87,23_7,YXyXYxxx,YYYYYYYXyyyyyyx,23,23,23,final_total_length,final_total_length,0,0,0,0,Tie,Neither reduced,0,0,node_budget_exhausted,node_budget_exhausted,1000000,1000000,909041,90767,192,total_nodes_used - sub_pop_count - cov_pop_count,0.909041,0.090767,0.000192,26,21,65000966,52500843
88,23_8,YXXXyxYx,YYYYYYYXyyyyyyx,23,23,23,final_total_length,final_total_length,0,0,0,0,Tie,Neither reduced,0,0,node_budget_exhausted,node_budget_exhausted,1000000,1000000,917729,82135,136,total_nodes_used - sub_pop_count - cov_pop_count,0.917729,0.082135,0.000136,25,21,62500759,52500808
89,23_9,YYxxxYXX,YXYxxyXyXyXYxYx,23,21,21,final_total_length,final_total_length,2,2,1,1,Tie,Both reduced,0,0,node_budget_exhausted,node_budget_exhausted,1000000,1000000,824045,173983,1972,total_nodes_used - sub_pop_count - cov_pop_count,0.824045,0.173983,0.001972,25,18,62501103,45000576
90,23_10,YYxxxyXX,YYYYYxxYXyxyxyX,23,21,21,final_total_length,final_total_length,2,2,1,1,Tie,Both reduced,0,0,node_budget_exhausted,node_budget_exhausted,1000000,1000000,826916,172236,848,total_nodes_used - sub_pop_count - cov_pop_count,0.826916,0.172236,0.000848,25,18,62500896,45000544
91,18_4,YYYXXYxyX,YYxYXXYXX,18,16,16,final_total_length,final_total_length,2,2,1,1,Tie,Both reduced,0,0,node_budget_exhausted,node_budget_exhausted,1000000,1000000,922400,65927,11673,total_nodes_used - sub_pop_count - cov_pop_count,0.9224,0.065927,0.011673,32,25,80001509,62500897
92,21_35,YYxxyX,YYYYYYYxyxyXyxx,21,19,19,final_total_length,final_total_length,2,2,1,1,Tie,Both reduced,0,0,node_budget_exhausted,node_budget_exhausted,1000000,1000000,947449,49019,3532,total_nodes_used - sub_pop_count - cov_pop_count,0.947449,0.049019,0.003532,26,23,65000991,57500996
93,24_1,YXXYxxx,YYYYYYYYXyyyyyyyx,24,24,24,final_total_length,final_total_length,0,0,0,0,Tie,Neither reduced,0,0,node_budget_exhausted,node_budget_exhausted,1000000,1000000,885448,114552,0,total_nodes_used - sub_pop_count - cov_pop_count,0.885448,0.114552,0.0,20,16,50000609,40000373
94,24_2,YYYXyyx,YXXXXXXXyxxxxxxxx,24,24,24,final_total_length,final_total_length,0,0,0,0,Tie,Neither reduced,0,0,node_budget_exhausted,node_budget_exhausted,1000000,1000000,883381,116619,0,total_nodes_used - sub_pop_count - cov_pop_count,0.883381,0.116619,0.0,22,18,55000620,45000491
95,19_39,YYYXYxyx,YYXXYxxyXyx,19,18,18,final_total_length,final_total_length,1,1,1,1,Tie,Both reduced,0,0,node_budget_exhausted,node_budget_exhausted,1000000,1000000,900347,95377,4276,total_nodes_used - sub_pop_count - cov_pop_count,0.900347,0.095377,0.004276,27,25,67501262,62500876
96,15_12,YYXyyxx,YXXXyxYx,15,15,15,final_total_length,final_total_length,0,0,0,0,Tie,Neither reduced,0,0,node_budget_exhausted,node_budget_exhausted,1000000,1000000,876442,111778,11780,total_nodes_used - sub_pop_count - cov_pop_count,0.876442,0.111778,0.01178,36,28,90002007,70001217
97,18_6,YXYXyxx,YYYYYYxyXyx,18,18,18,final_total_length,final_total_length,0,0,0,0,Tie,Neither reduced,0,0,node_budget_exhausted,node_budget_exhausted,1000000,1000000,953571,44257,2172,total_nodes_used - sub_pop_count - cov_pop_count,0.953571,0.044257,0.002172,29,24,72501359,60000868
98,17_41,YYXYXyx,YXYxxxyXXX,17,16,16,final_total_length,final_total_length,1,1,1,1,Tie,Both reduced,0,0,node_budget_exhausted,node_budget_exhausted,1000000,1000000,829711,157119,13170,total_nodes_used - sub_pop_count - cov_pop_count,0.829711,0.157119,0.01317,31,24,77501520,60000810
99,18_8,YYYXXyx,YYXYXyXyxxx,18,18,18,final_total_length,final_total_length,0,0,0,0,Tie,Neither reduced,0,0,node_budget_exhausted,node_budget_exhausted,1000000,1000000,878232,119401,2367,total_nodes_used - sub_pop_count - cov_pop_count,0.878232,0.119401,0.002367,26,23,65000913,57500807
100,20_10,YYXYYxyyx,YYYYYYYxxxx,20,20,20,final_total_length,final_total_length,0,0,0,0,Tie,Neither reduced,0,0,node_budget_exhausted,node_budget_exhausted,1000000,1000000,925721,68940,5339,total_nodes_used - sub_pop_count - cov_pop_count,0.925721,0.06894,0.005339,23,18,57500781,45000555
101,19_40,YYYxxYX,YXyxxxyXyXyX,19,19,19,final_total_length,final_total_length,0,0,0,0,Tie,Neither reduced,0,0,node_budget_exhausted,node_budget_exhausted,1000000,1000000,867581,111641,20778,total_nodes_used - sub_pop_count - cov_pop_count,0.867581,0.111641,0.020778,28,24,70001512,60001254
102,18_9,YYYxxyX,YXYXyXyxxYx,18,18,18,final_total_length,final_total_length,0,0,0,0,Tie,Neither reduced,0,0,node_budget_exhausted,node_budget_exhausted,1000000,1000000,840742,138100,21158,total_nodes_used - sub_pop_count - cov_pop_count,0.840742,0.1381,0.021158,28,25,70001083,62501010
103,25_1,YYXXYxxx,YYYYYYYYXyyyyyyyx,25,22,22,final_total_length,final_total_length,3,3,1,1,Tie,Both reduced,0,0,node_budget_exhausted,node_budget_exhausted,1000000,1000000,874642,125138,220,total_nodes_used - sub_pop_count - cov_pop_count,0.874642,0.125138,0.00022,26,19,65001062,47500745
104,25_2,YXXYxxYx,YYYYYYYYXyyyyyyyx,25,22,22,final_total_length,final_total_length,3,3,1,1,Tie,Both reduced,0,0,node_budget_exhausted,node_budget_exhausted,1000000,1000000,821362,178106,532,total_nodes_used - sub_pop_count - cov_pop_count,0.821362,0.178106,0.000532,26,20,65000960,50000859
105,25_3,YXXYxYxx,YYYYYYYYXyyyyyyyx,25,23,23,final_total_length,final_total_length,2,2,1,1,Tie,Both reduced,0,0,node_budget_exhausted,node_budget_exhausted,1000000,1000000,881300,116347,2353,total_nodes_used - sub_pop_count - cov_pop_count,0.8813,0.116347,0.002353,27,21,67500928,52500818
106,25_4,YXyxxyXX,YYYYYYYYXyyyyyyyx,25,24,23,final_total_length,final_total_length,1,2,1,1,Triple better,Both reduced,0,0,node_budget_exhausted,node_budget_exhausted,1000000,1000000,933247,63332,3421,total_nodes_used - sub_pop_count - cov_pop_count,0.933247,0.063332,0.003421,18,15,45000551,37500421
107,25_5,YXXYxxyx,YYYYYYYYXyyyyyyyx,25,24,24,final_total_length,final_total_length,1,1,1,1,Tie,Both reduced,0,0,node_budget_exhausted,node_budget_exhausted,1000000,1000000,937594,59477,2929,total_nodes_used - sub_pop_count - cov_pop_count,0.937594,0.059477,0.002929,18,15,45000502,37500449
108,25_6,YXyXXyxx,YYYYYYYYXyyyyyyyx,25,24,24,final_total_length,final_total_length,1,1,1,1,Tie,Both reduced,0,0,node_budget_exhausted,node_budget_exhausted,1000000,1000000,937505,59948,2547,total_nodes_used - sub_pop_count - cov_pop_count,0.937505,0.059948,0.002547,18,15,45000398,37500433
109,25_7,YXXyXyxx,YYYYYYYYXyyyyyyyx,25,23,23,final_total_length,final_total_length,2,2,1,1,Tie,Both reduced,0,0,node_budget_exhausted,node_budget_exhausted,1000000,1000000,858979,138719,2302,total_nodes_used - sub_pop_count - cov_pop_count,0.858979,0.138719,0.002302,27,21,67501207,52500766
110,25_8,YXyxxYXX,YYYYYYYYXyyyyyyyx,25,24,23,final_total_length,final_total_length,1,2,1,1,Triple better,Both reduced,0,0,node_budget_exhausted,node_budget_exhausted,1000000,1000000,933597,63369,3034,total_nodes_used - sub_pop_count - cov_pop_count,0.933597,0.063369,0.003034,18,15,45000453,37500419
111,25_9,YXYXXyxx,YYYYYYYYXyyyyyyyx,25,22,22,final_total_length,final_total_length,3,3,1,1,Tie,Both reduced,0,0,node_budget_exhausted,node_budget_exhausted,1000000,1000000,832255,167140,605,total_nodes_used - sub_pop_count - cov_pop_count,0.832255,0.16714,0.000605,27,21,67501097,52500730
112,25_10,YYXXXyxx,YYYYYYYXXyXyXyXyx,25,22,22,final_total_length,final_total_length,3,3,1,1,Tie,Both reduced,0,0,node_budget_exhausted,node_budget_exhausted,1000000,1000000,863048,136760,192,total_nodes_used - sub_pop_count - cov_pop_count,0.863048,0.13676,0.000192,26,19,65000941,47500661
113,25_11,YXYXYxxx,YYYYYYYYXyyyyyyyx,25,25,25,final_total_length,final_total_length,0,0,0,0,Tie,Neither reduced,0,0,node_budget_exhausted,node_budget_exhausted,1000000,1000000,859361,140635,4,total_nodes_used - sub_pop_count - cov_pop_count,0.859361,0.140635,4e-06,30,24,75001223,60001003
114,25_12,YXYxxxyX,YYYYYYYYXyyyyyyyx,25,25,25,final_total_length,final_total_length,0,0,0,0,Tie,Neither reduced,0,0,node_budget_exhausted,node_budget_exhausted,1000000,1000000,911857,88115,28,total_nodes_used - sub_pop_count - cov_pop_count,0.911857,0.088115,2.8e-05,26,21,65000849,52500779
115,25_13,YXyXYxxx,YYYYYYYYXyyyyyyyx,25,25,25,final_total_length,final_total_length,0,0,0,0,Tie,Neither reduced,0,0,node_budget_exhausted,node_budget_exhausted,1000000,1000000,901735,98145,120,total_nodes_used - sub_pop_count - cov_pop_count,0.901735,0.098145,0.00012,26,22,65001056,55000895
116,25_14,YXXXyxYx,YYYYYYYYXyyyyyyyx,25,25,25,final_total_length,final_total_length,0,0,0,0,Tie,Neither reduced,0,0,node_budget_exhausted,node_budget_exhausted,1000000,1000000,835717,164263,20,total_nodes_used - sub_pop_count - cov_pop_count,0.835717,0.164263,2e-05,25,20,62500850,50000783
117,25_15,YYxxxYXX,YYYYYYYYXyyyyyyyx,25,24,24,final_total_length,final_total_length,1,1,1,1,Tie,Both reduced,0,0,node_budget_exhausted,node_budget_exhausted,1000000,1000000,858609,141095,296,total_nodes_used - sub_pop_count - cov_pop_count,0.858609,0.141095,0.000296,25,19,62500874,47500606
118,25_16,YYxxxyXX,YYYYYYYYXyyyyyyyx,25,24,24,final_total_length,final_total_length,1,1,1,1,Tie,Both reduced,0,0,node_budget_exhausted,node_budget_exhausted,1000000,1000000,847588,152340,72,total_nodes_used - sub_pop_count - cov_pop_count,0.847588,0.15234,7.2e-05,25,19,62500854,47500679
119,21_39,YYYXXyyxx,YYYYYXyyXyyx,21,21,21,final_total_length,final_total_length,0,0,0,0,Tie,Neither reduced,0,0,node_budget_exhausted,node_budget_exhausted,1000000,1000000,896744,97925,5331,total_nodes_used - sub_pop_count - cov_pop_count,0.896744,0.097925,0.005331,27,18,67501000,45000619
120,19_43,YYXyyxxYX,YYYYYxyXyX,19,19,19,final_total_length,final_total_length,0,0,0,0,Tie,Neither reduced,0,0,node_budget_exhausted,node_budget_exhausted,1000000,1000000,872122,123982,3896,total_nodes_used - sub_pop_count - cov_pop_count,0.872122,0.123982,0.003896,27,24,67500985,60000845
121,19_44,YYYXXyyx,YYYxyyXXYXX,19,19,19,final_total_length,final_total_length,0,0,0,0,Tie,Neither reduced,0,0,node_budget_exhausted,node_budget_exhausted,1000000,1000000,883752,89754,26494,total_nodes_used - sub_pop_count - cov_pop_count,0.883752,0.089754,0.026494,31,24,77501588,60001060
122,21_40,YYYYxyyXyX,YYXYXyXYxyx,21,21,19,final_total_length,final_total_length,0,2,0,1,Triple better,Triple only,0,0,node_budget_exhausted,node_budget_exhausted,1000000,1000000,919709,75475,4816,total_nodes_used - sub_pop_count - cov_pop_count,0.919709,0.075475,0.004816,27,22,67500957,55000770
123,19_45,YYYxxyyX,YYYYXyxxYxx,19,19,19,final_total_length,final_total_length,0,0,0,0,Tie,Neither reduced,0,0,node_budget_exhausted,node_budget_exhausted,1000000,1000000,899941,90646,9413,total_nodes_used - sub_pop_count - cov_pop_count,0.899941,0.090646,0.009413,26,21,65000942,52500828
